feature_name,dfx_feature_importance
Residence_type,0.0022573370069691808
work_type,0.0019988030270919432
ever_married,0.001639805025210257
bmi,0.0016174116240502032
avg_glucose_level,0.0011589793213361167
hypertension,0.0011269102007117053
heart_disease,0.0007256070091967848
age,0.0006822562572364356
gender,0.00044713750791191344
smoking_status,0.0004410313370962114
