feature_name,random_feature_importance
gender,0.3863503271990417
age,0.6285646815475386
hypertension,0.902357743995252
heart_disease,0.5234075208899704
ever_married,0.8503578278878957
work_type,0.9461439774412488
Residence_type,0.19517103179695017
avg_glucose_level,0.8129694579009861
bmi,0.73448100199331
smoking_status,0.9204922656028521
