feature_name,shap_feature_importance
bmi,3.218046702155227e-08
age,2.6171521473405745e-08
Residence_type,2.5672690584346012e-08
avg_glucose_level,2.381788150341286e-08
smoking_status,2.2977830905250128e-08
work_type,2.2504683180136786e-08
ever_married,2.221205771402499e-08
gender,2.108042936587787e-08
hypertension,4.1732187960746084e-09
heart_disease,4.048410460395917e-09
