feature_name,random_feature_importance
gender,0.2311256685906251
age,0.5737863039572373
hypertension,0.1879876797648774
heart_disease,0.8654627396631029
ever_married,0.4486151770749277
work_type,0.806870853397346
Residence_type,0.9719159569407284
avg_glucose_level,0.9808749084257251
bmi,0.1376162583934859
smoking_status,0.9448059688592636
