feature_name,shap_feature_importance
age,0.05894517175002956
avg_glucose_level,0.032803786943496456
bmi,0.01794111414686785
ever_married,0.010386361990197128
smoking_status,0.010199314962469005
heart_disease,0.005134552465191087
gender,0.004921432785765522
hypertension,0.003952025664288526
Residence_type,0.003854487647433507
work_type,0.0036835980952765923
