feature_name,model_feature_importance
avg_glucose_level,0.384603026952806
bmi,0.20585294101532461
age,0.197360693764634
smoking_status,0.05848108137110939
gender,0.03635948626820947
Residence_type,0.03468936323907443
work_type,0.03337464886038182
heart_disease,0.023325212283440297
hypertension,0.01948050332289838
ever_married,0.006473042922121683
