feature_name,random_feature_importance
gender,0.8324426408004217
age,0.21233911067827616
hypertension,0.18182496720710062
heart_disease,0.18340450985343382
ever_married,0.3042422429595377
work_type,0.5247564316322378
Residence_type,0.43194501864211576
avg_glucose_level,0.2912291401980419
bmi,0.6118528947223795
smoking_status,0.13949386065204183
