feature_name,dfx_feature_importance
avg_glucose_level,0.03330840101300384
bmi,0.03330675451403858
smoking_status,0.030891525593637406
age,0.030592827277188553
Residence_type,0.017355392131149824
heart_disease,0.008554719783095483
hypertension,0.005866434935055707
work_type,0.001262109666868324
gender,0.0
ever_married,0.0
