feature_name,model_feature_importance
age,1.5752358215192312
avg_glucose_level,0.1758458819581496
ever_married,0.1684895361375437
hypertension,0.12016806328045573
heart_disease,0.07640917984918345
work_type,0.04850466283075099
Residence_type,0.04406409619669229
smoking_status,0.040357006771673934
gender,0.014807994460345104
bmi,0.013939881168345287
