feature_name,random_feature_importance
gender,0.7219987722668247
age,0.9385527090157502
hypertension,0.0007787658410143283
heart_disease,0.9922115592912175
ever_married,0.6174815096277165
work_type,0.6116531604882809
Residence_type,0.007066305219717406
avg_glucose_level,0.023062425041415757
bmi,0.5247746602583891
smoking_status,0.3998609717152555
