feature_name,model_feature_importance
avg_glucose_level,0.28294130253229277
age,0.23705205693750017
bmi,0.2247253564795794
smoking_status,0.07023924437671916
work_type,0.05540599101466988
gender,0.03277788068529514
Residence_type,0.02773767833430904
heart_disease,0.025332939308926564
hypertension,0.024964935410353474
ever_married,0.018822614920354468
