feature_name,random_feature_importance
gender,0.09767211400638387
age,0.6842330265121569
hypertension,0.4401524937396013
heart_disease,0.12203823484477883
ever_married,0.4951769101112702
work_type,0.034388521115218396
Residence_type,0.9093204020787821
avg_glucose_level,0.2587799816000169
bmi,0.662522284353982
smoking_status,0.31171107608941095
