feature_name,dfx_feature_importance
bmi,0.009239133808251856
age,0.004094930593344651
avg_glucose_level,0.0034785228007087167
Residence_type,0.0034270473386355336
smoking_status,0.003326446560666855
gender,0.0007378789226812575
ever_married,0.0005186159176550424
work_type,0.0004217723623551423
hypertension,0.0
heart_disease,0.0
