feature_name,random_feature_importance
battery_power,0.002387105259524791
blue,0.7023850431891286
clock_speed,0.25312612705259774
dual_sim,0.9707398056512978
fc,0.747057167169426
four_g,0.2953784632089035
int_memory,0.1589457443917891
m_dep,0.6243438894564693
n_cores,0.8645576324873699
pc,0.5843227722217467
px_height,0.01097415465601026
ram,0.7862966638936684
sc_w,0.9642228417230819
talk_time,0.04747203502595154
three_g,0.8091303937910913
touch_screen,0.7189952322008049
wifi,0.3974961503445781
