feature_name,random_feature_importance
battery_power,0.42184396825873915
blue,0.13136567765945972
clock_speed,0.13118754191801085
dual_sim,0.6475073798456974
fc,0.7065808047171039
four_g,0.9411804199089048
int_memory,0.08700469046109982
m_dep,0.1178614923782535
n_cores,0.05181812846791101
pc,0.53222843075693
px_height,0.6227466142952265
ram,0.40352345193215766
sc_w,0.7979022209611327
talk_time,0.6866994360038001
three_g,0.98584042094686
touch_screen,0.13789498329967864
wifi,0.05831566434250135
