feature_name,random_feature_importance
battery_power,0.2587799816000169
blue,0.662522284353982
clock_speed,0.31171107608941095
dual_sim,0.5200680211778108
fc,0.5467102793432796
four_g,0.18485445552552704
int_memory,0.9695846277645586
m_dep,0.7751328233611146
n_cores,0.9394989415641891
pc,0.8948273504276488
px_height,0.5978999788110851
ram,0.9218742350231168
sc_w,0.0884925020519195
talk_time,0.1959828624191452
three_g,0.045227288910538066
touch_screen,0.32533033076326434
wifi,0.388677289689482
