feature_name,random_feature_importance
CreditScore,0.9408075065236925
Gender,0.26175479934767665
Age,0.2079202444106646
Tenure,0.3379837670546567
Balance,0.27229765114938087
NumOfProducts,0.17670904523774877
HasCrCard,0.5555742154432313
IsActiveMember,0.02879450931998273
EstimatedSalary,0.31417361999714544
