feature_name,random_feature_importance
CreditScore,0.6679518874180569
Gender,0.9382284533769972
Age,0.6368098539598972
Tenure,0.13289970431714615
Balance,0.42060856783259837
NumOfProducts,0.12798773526491514
HasCrCard,0.45403962056255454
IsActiveMember,0.9471148850090949
EstimatedSalary,0.3026667925936013
