feature_name,random_feature_importance
CreditScore,0.9699098521619943
Gender,0.8324426408004217
Age,0.21233911067827616
Tenure,0.18182496720710062
Balance,0.18340450985343382
NumOfProducts,0.3042422429595377
HasCrCard,0.5247564316322378
IsActiveMember,0.43194501864211576
EstimatedSalary,0.2912291401980419
