feature_name,random_feature_importance
CreditScore,0.056411579027100256
Gender,0.7219987722668247
Age,0.9385527090157502
Tenure,0.0007787658410143283
Balance,0.9922115592912175
NumOfProducts,0.6174815096277165
HasCrCard,0.6116531604882809
IsActiveMember,0.007066305219717406
EstimatedSalary,0.023062425041415757
