feature_name,random_feature_importance
CreditScore,0.3046137691733707
Gender,0.09767211400638387
Age,0.6842330265121569
Tenure,0.4401524937396013
Balance,0.12203823484477883
NumOfProducts,0.4951769101112702
HasCrCard,0.034388521115218396
IsActiveMember,0.9093204020787821
EstimatedSalary,0.2587799816000169
